date,temp,sales
2025-01-01,1.2,91
2025-01-02,2.3,98
2025-01-03,3.1,100
2025-01-04,-0.1,125
2025-01-05,3.3,71
2025-01-06,0.3,85
2025-01-07,3.1,98
2025-01-08,2.7,94
2025-01-09,2.3,119
2025-01-10,2.6,108
2025-01-11,2.0,137
2025-01-12,2.0,60
2025-01-13,0.5,77
2025-01-14,2.8,100
2025-01-15,5.7,88
2025-01-16,6.0,105
2025-01-17,4.8,115
2025-01-18,3.8,126
2025-01-19,1.4,69
2025-01-20,4.4,83
2025-01-21,1.9,88
2025-01-22,1.9,103
2025-01-23,1.4,108
2025-01-24,2.1,113
2025-01-25,1.4,130
2025-01-26,2.0,74
2025-01-27,0.1,88
2025-01-28,1.1,102
2025-01-29,5.1,123
2025-01-30,1.7,112
2025-01-31,1.2,121
2025-02-01,2.4,141
2025-02-02,2.5,69
2025-02-03,-0.3,84
2025-02-04,1.3,89
2025-02-05,3.0,99
2025-02-06,2.1,104
2025-02-07,2.1,132
2025-02-08,4.2,142
2025-02-09,1.0,75
2025-02-10,2.2,84
2025-02-11,1.4,113
2025-02-12,4.3,109
2025-02-13,-0.7,127
2025-02-14,1.6,136
2025-02-15,1.6,169
2025-02-16,3.7,77
2025-02-17,3.7,101
2025-02-18,4.9,126
2025-02-19,0.9,97
2025-02-20,4.6,125
2025-02-21,3.0,150
2025-02-22,2.5,160
2025-02-23,4.5,85
2025-02-24,2.4,108
2025-02-25,0.9,99
2025-02-26,3.6,114
2025-02-27,2.2,109
2025-02-28,3.8,127
2025-03-01,5.4,151
2025-03-02,5.5,82
2025-03-03,7.5,102
2025-03-04,5.0,111
2025-03-05,3.0,101
2025-03-06,4.2,141
2025-03-07,4.1,152
2025-03-08,4.0,173
2025-03-09,6.8,82
2025-03-10,5.1,103
2025-03-11,3.1,115
2025-03-12,7.4,120
2025-03-13,6.0,107
2025-03-14,6.7,151
2025-03-15,6.4,213
2025-03-16,7.6,75
2025-03-17,7.0,115
2025-03-18,8.9,116
2025-03-19,7.8,119
2025-03-20,7.8,141
2025-03-21,8.3,132
2025-03-22,5.5,174
2025-03-23,7.6,101
2025-03-24,7.6,107
2025-03-25,8.5,112
2025-03-26,6.3,124
2025-03-27,10.7,125
2025-03-28,8.6,170
2025-03-29,6.6,164
2025-03-30,6.3,99
2025-03-31,8.7,101
2025-04-01,9.1,126
2025-04-02,8.4,125
2025-04-03,9.7,108
2025-04-04,9.0,153
2025-04-05,11.0,166
2025-04-06,9.4,91
2025-04-07,10.3,130
2025-04-08,12.1,111
2025-04-09,14.3,118
2025-04-10,8.7,153
2025-04-11,9.7,159
2025-04-12,9.1,210
2025-04-13,11.7,99
2025-04-14,9.3,109
2025-04-15,10.3,124
2025-04-16,11.1,146
2025-04-17,9.9,150
2025-04-18,10.2,160
2025-04-19,11.1,190
2025-04-20,8.7,97
2025-04-21,10.0,114
2025-04-22,11.8,149
2025-04-23,12.6,135
2025-04-24,12.3,129
2025-04-25,10.1,157
2025-04-26,12.0,204
2025-04-27,14.1,106
2025-04-28,13.8,121
2025-04-29,13.2,122
2025-04-30,12.2,137
2025-05-01,14.7,126
2025-05-02,12.9,150
2025-05-03,12.2,209
2025-05-04,12.6,98
2025-05-05,16.0,128
2025-05-06,14.4,145
2025-05-07,15.6,147
2025-05-08,13.4,147
2025-05-09,15.3,202
2025-05-10,13.3,210
2025-05-11,14.0,100
2025-05-12,18.3,134
2025-05-13,15.9,138
2025-05-14,13.9,132
2025-05-15,14.9,150
2025-05-16,15.9,169
2025-05-17,17.4,172
2025-05-18,14.9,103
2025-05-19,13.2,124
2025-05-20,15.4,130
2025-05-21,16.2,125
2025-05-22,16.4,146
2025-05-23,18.3,173
2025-05-24,16.8,206
2025-05-25,17.7,96
2025-05-26,14.8,136
2025-05-27,18.1,123
2025-05-28,20.0,142
2025-05-29,18.3,169
2025-05-30,17.7,165
2025-05-31,17.5,197
2025-06-01,20.0,117
2025-06-02,16.0,126
2025-06-03,17.3,134
2025-06-04,18.2,148
2025-06-05,18.7,167
2025-06-06,16.8,147
2025-06-07,17.9,193
2025-06-08,17.4,99
2025-06-09,18.0,119
2025-06-10,17.5,129
2025-06-11,16.1,136
2025-06-12,18.2,158
2025-06-13,19.4,164
2025-06-14,16.6,210
2025-06-15,17.7,111
2025-06-16,18.9,123
2025-06-17,16.5,140
2025-06-18,18.4,167
2025-06-19,16.6,158
2025-06-20,19.9,168
2025-06-21,21.8,207
2025-06-22,21.4,100
2025-06-23,18.1,134
2025-06-24,19.4,149
2025-06-25,18.3,137
2025-06-26,18.6,151
2025-06-27,20.8,194
2025-06-28,16.6,199
2025-06-29,20.2,109
2025-06-30,18.5,120
2025-07-01,20.7,129
2025-07-02,19.0,140
2025-07-03,17.7,183
2025-07-04,19.1,171
2025-07-05,19.9,198
2025-07-06,19.1,103
2025-07-07,19.9,128
2025-07-08,18.5,145
2025-07-09,16.1,147
2025-07-10,20.4,180
2025-07-11,20.3,179
2025-07-12,19.7,231
2025-07-13,19.6,109
2025-07-14,21.2,136
2025-07-15,19.1,122
2025-07-16,18.9,143
2025-07-17,19.9,151
2025-07-18,21.9,171
2025-07-19,18.3,172
2025-07-20,22.0,113
2025-07-21,19.4,124
2025-07-22,18.8,131
2025-07-23,22.6,140
2025-07-24,20.8,147
2025-07-25,19.3,178
2025-07-26,20.6,183
2025-07-27,22.2,97
2025-07-28,22.7,130
2025-07-29,20.1,136
2025-07-30,21.3,137
2025-07-31,21.9,142
2025-08-01,19.6,159
2025-08-02,20.7,199
2025-08-03,20.1,114
2025-08-04,19.3,115
2025-08-05,19.3,149
2025-08-06,20.2,149
2025-08-07,20.0,141
2025-08-08,18.8,179
2025-08-09,18.9,175
2025-08-10,21.0,89
2025-08-11,19.3,111
2025-08-12,20.4,126
2025-08-13,20.8,134
2025-08-14,19.9,138
2025-08-15,22.2,167
2025-08-16,17.4,163
2025-08-17,19.6,104
2025-08-18,17.7,108
2025-08-19,20.9,122
2025-08-20,20.5,131
2025-08-21,15.0,129
2025-08-22,16.4,146
2025-08-23,19.2,176
2025-08-24,19.0,98
2025-08-25,19.0,125
2025-08-26,17.7,132
2025-08-27,18.5,122
2025-08-28,18.5,130
2025-08-29,17.2,148
2025-08-30,19.0,193
2025-08-31,13.9,82
2025-09-01,18.2,129
2025-09-02,15.6,119
2025-09-03,18.7,122
2025-09-04,16.8,140
2025-09-05,15.4,170
2025-09-06,17.1,188
2025-09-07,14.7,103
2025-09-08,14.1,116
2025-09-09,12.9,133
2025-09-10,15.3,140
2025-09-11,16.1,132
2025-09-12,16.6,172
2025-09-13,14.6,181
2025-09-14,16.4,93
2025-09-15,14.8,104
2025-09-16,14.6,116
2025-09-17,15.4,132
2025-09-18,16.0,118
2025-09-19,13.9,158
2025-09-20,14.0,180
2025-09-21,14.1,93
2025-09-22,14.1,92
2025-09-23,12.6,115
2025-09-24,15.2,128
2025-09-25,13.2,120
2025-09-26,14.1,148
2025-09-27,12.0,142
2025-09-28,13.7,93
2025-09-29,13.4,102
2025-09-30,12.4,121
2025-10-01,16.2,103
2025-10-02,13.5,132
2025-10-03,15.6,141
2025-10-04,14.3,179
2025-10-05,11.3,81
2025-10-06,11.5,100
2025-10-07,12.6,133
2025-10-08,12.0,109
2025-10-09,11.6,116
2025-10-10,10.9,137
2025-10-11,8.5,151
2025-10-12,10.9,93
2025-10-13,7.9,118
2025-10-14,11.6,103
2025-10-15,10.1,99
2025-10-16,9.8,132
2025-10-17,10.4,150
2025-10-18,10.6,172
2025-10-19,8.3,91
2025-10-20,7.8,94
2025-10-21,8.9,105
2025-10-22,7.4,100
2025-10-23,8.8,105
2025-10-24,12.5,146
2025-10-25,8.3,150
2025-10-26,10.6,98
2025-10-27,7.4,99
2025-10-28,10.1,99
2025-10-29,9.1,117
2025-10-30,9.3,133
2025-10-31,10.0,138
2025-11-01,11.5,141
2025-11-02,9.3,83
2025-11-03,9.2,109
2025-11-04,7.4,99
2025-11-05,9.5,102
2025-11-06,7.9,123
2025-11-07,9.4,132
2025-11-08,8.1,140
2025-11-09,10.5,77
2025-11-10,4.8,90
2025-11-11,7.1,104
2025-11-12,8.7,108
2025-11-13,6.5,123
2025-11-14,5.6,136
2025-11-15,6.1,133
2025-11-16,4.5,81
2025-11-17,6.4,102
2025-11-18,9.9,104
2025-11-19,8.1,115
2025-11-20,4.5,106
2025-11-21,4.6,118
2025-11-22,5.2,161
2025-11-23,7.2,71
2025-11-24,4.1,79
2025-11-25,4.2,108
2025-11-26,6.8,99
2025-11-27,6.6,108
2025-11-28,4.6,113
2025-11-29,3.1,134
2025-11-30,2.4,70
2025-12-01,3.3,91
2025-12-02,0.7,102
2025-12-03,5.3,87
2025-12-04,3.0,117
2025-12-05,4.7,115
2025-12-06,7.0,136
2025-12-07,5.8,81
2025-12-08,2.3,93
2025-12-09,5.6,87
2025-12-10,5.9,121
2025-12-11,2.9,102
2025-12-12,2.2,129
2025-12-13,3.4,151
2025-12-14,1.3,86
2025-12-15,6.0,90
2025-12-16,0.0,107
2025-12-17,1.7,99
2025-12-18,2.8,120
2025-12-19,2.9,119
2025-12-20,3.4,145
2025-12-21,3.5,90
2025-12-22,2.8,96
2025-12-23,4.8,100
2025-12-24,-0.2,126
2025-12-25,3.0,114
2025-12-26,1.9,120
2025-12-27,3.2,159
2025-12-28,3.7,71
2025-12-29,2.0,104
2025-12-30,2.4,111
2025-12-31,4.2,102
2026-01-01,3.5,107
2026-01-02,1.6,131
2026-01-03,5.4,152
2026-01-04,6.0,73
2026-01-05,0.4,100
2026-01-06,3.0,86
2026-01-07,5.9,104
2026-01-08,3.2,110
2026-01-09,2.2,128
2026-01-10,1.7,158
2026-01-11,1.6,73
2026-01-12,2.1,102
2026-01-13,1.5,102
2026-01-14,3.2,104
2026-01-15,1.5,104
2026-01-16,1.4,121
2026-01-17,-0.0,161
2026-01-18,1.7,75
2026-01-19,0.2,100
2026-01-20,1.5,115
2026-01-21,3.6,121
2026-01-22,2.8,134
2026-01-23,2.9,133
2026-01-24,2.9,147
2026-01-25,2.5,90
2026-01-26,2.2,104
2026-01-27,1.9,118
2026-01-28,3.3,114
2026-01-29,0.3,133
2026-01-30,4.2,149
2026-01-31,2.2,173
2026-02-01,1.1,89
2026-02-02,1.8,107
2026-02-03,1.2,112
2026-02-04,2.4,119
2026-02-05,1.2,133
2026-02-06,4.2,137
2026-02-07,1.3,193
2026-02-08,-0.7,86
2026-02-09,1.8,115
2026-02-10,-0.3,112
2026-02-11,2.6,117
2026-02-12,4.5,149
2026-02-13,4.1,142
2026-02-14,0.8,155
2026-02-15,2.1,85
2026-02-16,6.1,106
2026-02-17,4.3,138
2026-02-18,3.9,125
2026-02-19,5.5,140
2026-02-20,7.5,138
2026-02-21,6.4,182
2026-02-22,4.7,97
2026-02-23,5.5,129
2026-02-24,5.9,113
2026-02-25,4.1,132
2026-02-26,3.3,137
2026-02-27,5.0,142
2026-02-28,3.8,181
2026-03-01,5.1,92
2026-03-02,5.6,96
2026-03-03,9.2,128
2026-03-04,4.3,135
2026-03-05,5.5,132
2026-03-06,5.5,142
2026-03-07,6.6,210
2026-03-08,7.6,99
2026-03-09,5.3,128
2026-03-10,4.9,141
2026-03-11,3.6,128
2026-03-12,4.6,150
2026-03-13,7.0,159
2026-03-14,6.6,190
2026-03-15,4.9,99
2026-03-16,6.0,121
2026-03-17,6.7,141
2026-03-18,7.3,138
2026-03-19,6.0,143
2026-03-20,6.6,163
2026-03-21,4.7,202
2026-03-22,5.8,95
2026-03-23,10.2,120
2026-03-24,4.6,132
2026-03-25,7.4,134
2026-03-26,8.5,147
2026-03-27,7.8,163
2026-03-28,7.4,237
2026-03-29,8.7,117
2026-03-30,8.8,132
2026-03-31,8.9,135
2026-04-01,6.3,171
2026-04-02,9.3,156
2026-04-03,8.3,174
2026-04-04,8.9,212
2026-04-05,9.9,110
2026-04-06,10.9,146
2026-04-07,11.3,139
2026-04-08,9.1,174
2026-04-09,11.5,145
2026-04-10,12.3,190
2026-04-11,12.2,195
2026-04-12,12.5,127
2026-04-13,10.3,130
2026-04-14,10.3,141
2026-04-15,12.0,162
2026-04-16,8.8,176
2026-04-17,11.2,168
2026-04-18,10.4,210
2026-04-19,10.7,100
2026-04-20,8.9,138
2026-04-21,10.3,144
2026-04-22,11.6,149
2026-04-23,12.9,153
2026-04-24,13.6,181
2026-04-25,12.1,207
2026-04-26,12.1,119
2026-04-27,11.4,157
2026-04-28,13.5,127
2026-04-29,12.7,155
2026-04-30,14.5,160
2026-05-01,16.2,198
2026-05-02,13.5,207
2026-05-03,11.3,115
2026-05-04,12.2,130
2026-05-05,11.6,159
2026-05-06,12.3,160
2026-05-07,16.1,166
2026-05-08,14.5,199
2026-05-09,11.9,223
2026-05-10,15.6,104
2026-05-11,16.2,151
2026-05-12,14.1,156
2026-05-13,13.6,159
2026-05-14,14.5,184
2026-05-15,15.4,216
2026-05-16,16.1,211
2026-05-17,16.8,112
2026-05-18,16.8,165
2026-05-19,17.2,173
2026-05-20,17.8,154
2026-05-21,16.9,156
2026-05-22,13.6,188
2026-05-23,15.6,224
2026-05-24,16.4,107
2026-05-25,15.5,147
2026-05-26,17.6,141
2026-05-27,15.9,149
2026-05-28,15.0,187
2026-05-29,18.7,189
2026-05-30,17.7,233
2026-05-31,17.4,128
2026-06-01,19.0,158
2026-06-02,19.4,153
2026-06-03,18.3,166
2026-06-04,14.2,164
2026-06-05,16.9,231
2026-06-06,17.2,249
2026-06-07,16.5,112
2026-06-08,18.2,149
2026-06-09,20.0,167
2026-06-10,17.6,173
2026-06-11,16.8,203
2026-06-12,21.6,225
2026-06-13,17.9,227
2026-06-14,16.7,122
2026-06-15,19.0,135
2026-06-16,19.3,161
2026-06-17,17.8,169
2026-06-18,20.2,218
2026-06-19,18.1,204
2026-06-20,17.6,201
2026-06-21,19.1,117
2026-06-22,20.0,151
2026-06-23,17.9,143
2026-06-24,19.1,156
2026-06-25,18.6,171
2026-06-26,23.1,208
2026-06-27,17.8,234
2026-06-28,21.0,115
2026-06-29,18.9,159
2026-06-30,18.7,151
2026-07-01,19.9,160
2026-07-02,20.2,157
2026-07-03,20.9,189
2026-07-04,19.3,249
2026-07-05,18.1,108
2026-07-06,18.2,148
2026-07-07,19.8,167
2026-07-08,19.9,161
2026-07-09,21.3,178
2026-07-10,19.5,183
2026-07-11,20.6,261
2026-07-12,21.3,133
2026-07-13,19.3,150
2026-07-14,17.0,136
2026-07-15,17.4,151
2026-07-16,17.0,187
2026-07-17,21.7,228
2026-07-18,18.2,239
2026-07-19,21.4,133
2026-07-20,20.1,139
2026-07-21,21.9,152
2026-07-22,21.0,163
2026-07-23,19.6,177
2026-07-24,19.5,174
2026-07-25,19.7,249
2026-07-26,20.0,133
2026-07-27,18.9,132
2026-07-28,19.3,137
2026-07-29,21.8,166
2026-07-30,16.6,161
2026-07-31,19.3,161
2026-08-01,17.5,243
2026-08-02,19.3,119
2026-08-03,20.2,138
2026-08-04,18.9,179
2026-08-05,20.4,161
2026-08-06,17.1,157
2026-08-07,21.1,193
2026-08-08,18.4,207
2026-08-09,20.0,109
2026-08-10,19.1,145
2026-08-11,15.1,142
2026-08-12,17.8,151
2026-08-13,19.3,188
2026-08-14,21.4,202
2026-08-15,19.3,236
2026-08-16,19.2,119
2026-08-17,16.7,144
2026-08-18,21.0,164
2026-08-19,21.7,154
2026-08-20,19.0,188
2026-08-21,18.5,172
2026-08-22,16.4,213
2026-08-23,19.9,101
2026-08-24,22.3,132
2026-08-25,19.3,150
2026-08-26,20.0,170
2026-08-27,19.0,150
2026-08-28,16.3,182
2026-08-29,19.5,207
2026-08-30,15.4,104
2026-08-31,16.7,121
2026-09-01,16.9,141
2026-09-02,17.6,129
2026-09-03,17.0,157
2026-09-04,16.9,179
2026-09-05,14.9,198
2026-09-06,14.0,100
2026-09-07,16.1,117
2026-09-08,14.3,160
2026-09-09,13.3,130
2026-09-10,13.4,172
2026-09-11,14.5,183
2026-09-12,12.6,198
2026-09-13,13.4,96
2026-09-14,12.9,139
2026-09-15,15.5,155
2026-09-16,15.8,132
2026-09-17,17.9,145
2026-09-18,12.5,186
2026-09-19,13.7,205
2026-09-20,16.3,121
2026-09-21,14.5,119
2026-09-22,14.2,138
2026-09-23,17.1,126
2026-09-24,14.2,172
2026-09-25,12.8,158
2026-09-26,12.6,164
2026-09-27,14.7,100
2026-09-28,14.5,121
2026-09-29,11.8,150
2026-09-30,12.3,132
2026-10-01,14.7,142
2026-10-02,14.3,171
2026-10-03,12.1,217
2026-10-04,14.0,98
2026-10-05,13.7,130
2026-10-06,9.7,132
2026-10-07,11.9,130
2026-10-08,12.9,140
2026-10-09,11.4,160
2026-10-10,8.9,174
2026-10-11,11.7,107
2026-10-12,13.1,105
2026-10-13,14.4,136
2026-10-14,8.4,140
2026-10-15,15.2,136
2026-10-16,9.5,147
2026-10-17,12.3,180
2026-10-18,12.7,98
2026-10-19,12.2,122
2026-10-20,10.6,124
2026-10-21,8.5,138
2026-10-22,10.9,128
2026-10-23,8.8,156
2026-10-24,5.8,159
2026-10-25,13.6,99
2026-10-26,10.4,114
2026-10-27,12.3,115
2026-10-28,8.4,137
2026-10-29,11.8,139
2026-10-30,11.8,120
2026-10-31,11.9,177
2026-11-01,9.3,81
2026-11-02,7.2,120
2026-11-03,8.6,143
2026-11-04,5.5,118
2026-11-05,5.9,130
2026-11-06,8.1,145
2026-11-07,6.1,179
2026-11-08,7.3,95
2026-11-09,7.1,121
2026-11-10,10.0,106
2026-11-11,8.9,138
2026-11-12,6.8,118
2026-11-13,8.5,150
2026-11-14,5.4,188
2026-11-15,5.7,94
2026-11-16,7.4,100
2026-11-17,3.9,108
2026-11-18,5.2,116
2026-11-19,3.4,126
2026-11-20,5.1,159
2026-11-21,7.0,153
2026-11-22,3.1,91
2026-11-23,4.4,112
2026-11-24,2.2,118
2026-11-25,1.3,123
2026-11-26,0.8,141
2026-11-27,5.0,149
2026-11-28,6.3,181
2026-11-29,3.2,91
2026-11-30,1.3,122
2026-12-01,3.5,96
2026-12-02,1.6,131
2026-12-03,3.0,122
2026-12-04,2.2,140
2026-12-05,2.0,155
2026-12-06,2.4,75
2026-12-07,0.3,103
2026-12-08,0.6,106
2026-12-09,-1.4,123
2026-12-10,0.4,111
2026-12-11,-1.1,160
2026-12-12,0.2,172
2026-12-13,-1.2,85
2026-12-14,0.2,100
2026-12-15,0.6,105
2026-12-16,-2.3,108
2026-12-17,-1.7,119
2026-12-18,-2.4,144
2026-12-19,-0.0,166
2026-12-20,1.0,78
2026-12-21,-0.6,104
2026-12-22,-2.7,105
2026-12-23,-0.3,121
2026-12-24,-5.4,146
2026-12-25,-0.9,152
2026-12-26,-4.2,166
2026-12-27,-7.4,77
2026-12-28,0.9,96
2026-12-29,-0.9,99
2026-12-30,-5.3,127
2026-12-31,-3.9,119
