normal,skewed,bimodal
0.4711,-0.088,1.4962
-0.5335,-0.1264,1.9652
-0.4116,1.4246,1.1144
1.3626,-0.048,-1.1137
-1.0406,-0.1148,-1.2224
-2.4128,-0.6496,1.1585
1.6109,-0.3605,-1.9046
2.5493,-0.1233,1.6057
-0.4053,-0.2903,1.224
-1.9368,0.9954,-1.4034
-0.3105,-0.0792,2.1765
-0.2862,0.9045,2.2331
-0.1899,0.0313,1.0916
-1.1134,0.0188,-0.9658
0.5796,-0.0434,1.5451
0.5245,0.0019,1.0069
-1.4944,1.3617,1.4722
0.6992,-0.6865,1.5027
2.0527,-0.6324,2.0701
0.172,-0.2378,-1.6758
-0.3373,0.0073,-1.3755
-0.142,0.4121,-1.0768
0.6153,0.2669,1.8321
-1.7307,-0.1748,1.2074
0.1644,0.6645,1.7943
-0.3905,0.6738,-1.6661
1.8478,0.0964,1.0153
-0.1742,0.6182,1.0216
1.6679,0.1461,-1.8597
-1.1037,-0.2448,1.4218
0.5873,0.4175,2.3202
0.3194,0.0569,1.2432
-0.869,0.0007,-1.6822
0.1774,1.0886,2.6963
1.2125,-0.7064,0.9713
-0.3238,-0.5078,0.5511
-1.692,-0.4476,2.1433
-0.0176,-0.1661,1.0866
-0.9024,-0.1195,-1.3879
-0.3423,-0.5294,1.207
-0.0816,-0.389,-1.3337
-1.7057,-0.3498,1.0247
-1.6157,2.4168,-1.1613
0.4821,1.4617,-1.8719
-0.5227,-0.1861,0.9958
-2.5647,-0.1662,-1.972
0.7848,-0.4371,1.3263
0.2724,-0.6148,-1.1833
-0.7139,-0.0568,1.2887
-1.3168,-0.3928,1.5594
0.8358,-0.0415,-0.0937
0.3494,-0.5507,1.3643
2.3826,-0.3168,-1.8692
0.4202,0.0771,1.1721
0.3877,0.2009,1.8455
-0.1669,0.2321,2.218
0.8168,-0.4833,-1.6498
0.6251,0.5332,-2.1083
1.2517,-0.3298,1.3802
-0.5213,0.3722,1.6827
-0.4354,-0.0053,-1.2595
-0.4791,-0.4975,-1.2461
0.7908,-0.1462,-1.1985
1.4984,0.2004,1.727
-0.4588,0.3586,-0.4394
-0.4248,-0.0681,-1.3828
0.3141,1.1509,1.9978
-0.2458,0.6549,-2.0012
0.9521,-0.1204,0.7572
-2.2518,0.4551,-1.4913
-0.8267,1.6298,0.6218
-0.7824,1.6651,1.3801
-2.3204,-0.4588,2.1434
-0.9636,-0.3708,-1.2255
-0.9152,1.1011,0.8603
-0.2011,-0.4109,0.984
1.113,-0.4838,-1.9996
-0.2451,-0.2158,-1.4816
-1.0308,0.2338,-1.4135
-0.057,-0.0499,1.9772
1.0492,-0.2777,1.7476
-0.976,-0.2862,1.5728
-0.9106,-0.2996,1.6966
0.5585,-0.3558,1.069
-0.2215,2.1293,-1.7698
0.6475,0.1604,-1.5884
-0.0136,0.558,1.9177
0.7017,-0.2169,-1.1976
-1.0351,-0.0888,1.6054
-0.0121,-0.3001,1.4119
-0.2107,-0.7344,-1.7281
-1.2159,-0.4979,0.0692
-1.5635,-0.5956,-1.1946
0.6857,-0.6753,1.4433
-0.351,-0.4499,1.4747
-1.0223,0.9396,1.8533
-0.0962,-0.022,-0.8542
1.128,0.9065,-0.6108
-2.2807,0.2281,-1.9332
-1.4966,0.4789,-1.4931
-0.9229,-0.3627,-1.4944
1.4612,0.2995,-1.549
0.2826,0.4396,2.0197
0.7673,-0.2505,-2.2428
-1.1402,0.3228,-1.4537
-1.1195,0.3272,2.145
0.4478,-0.2403,0.6327
0.0583,-0.4296,1.5898
0.5487,-0.4468,1.2073
-0.1877,0.0442,1.3146
0.2781,0.1776,1.0476
0.1581,-0.3272,1.4152
0.7778,0.0134,2.4206
0.807,0.3301,-1.3614
-1.6199,0.3622,-1.2575
-2.2473,1.1726,-2.0388
1.0017,0.8936,-2.1435
1.1877,-0.3939,1.2688
-1.0206,1.3205,-1.9617
-1.8598,-0.2332,-2.022
0.099,0.6861,-1.5195
0.9308,0.0346,1.3824
1.7976,-0.1862,-1.9513
0.5163,-0.595,2.196
-0.3717,-0.0822,1.0735
-0.8931,-0.5415,-1.903
0.0115,0.622,1.0842
-0.2993,1.1348,-1.0287
-1.0151,-0.3286,-1.2539
2.0488,0.163,2.08
1.7852,-0.3042,2.023
1.136,-0.2697,-1.8723
-0.9209,0.4729,1.4166
0.855,-0.0191,-0.9172
0.6396,1.3865,1.6957
0.4425,-0.2142,1.3032
1.2497,0.6482,0.6905
0.6354,0.0499,1.5569
0.74,0.4887,-0.9831
0.6369,-0.2003,0.9012
0.3408,-0.0245,1.8194
-1.7836,-0.0561,1.6658
0.0836,-0.3417,-0.9577
-0.5562,0.3924,-1.2245
-1.2798,0.3842,-2.6886
1.6818,0.3455,-1.8924
1.729,1.1565,-1.4309
1.3592,1.0641,-1.5975
0.2552,-0.1709,1.229
1.3506,0.2051,-1.1053
0.0121,-0.2679,0.5893
0.2028,0.0117,2.3763
-1.0935,-0.2591,1.9129
0.397,1.248,-1.7277
0.0604,0.1994,-1.2918
-1.3027,-0.1033,1.7884
-0.0512,0.8163,1.3778
-0.0797,-0.6622,-1.0458
1.7976,-0.6347,1.2862
0.8942,0.4887,2.8174
0.0114,0.0307,1.778
0.2488,0.1334,-0.5569
0.0442,-0.4848,1.7327
-0.2029,-0.0115,-2.4921
-1.0824,1.7231,2.2523
-0.1511,0.51,-1.4933
-0.7461,0.0886,-0.9475
-1.2503,-0.1971,2.033
0.5112,-0.179,-1.2707
0.3913,-0.6551,-1.3185
-1.7867,0.1375,-1.1513
-0.1227,0.5261,-0.3613
0.9957,-0.5452,-1.0145
1.0592,-0.2816,-2.2902
1.0258,-0.4394,2.2398
0.0389,-0.3829,1.4457
-0.845,0.0271,-0.8986
-1.0837,-0.6473,1.2419
0.3446,0.3595,-0.9175
0.3793,0.4578,1.8378
1.2873,-0.118,-0.2137
1.1,-0.7107,1.3712
-0.1322,-0.3924,-1.7537
-1.2442,0.8523,1.1782
-0.3191,-0.7507,-1.7451
0.2172,-0.1595,1.9849
-0.2021,-0.4457,-2.8813
-0.5779,0.4952,1.009
0.2529,-0.2865,1.0722
-0.504,0.2238,1.5544
-0.6281,0.3267,2.3631
0.3115,1.5046,0.5422
-0.402,-0.0965,-0.8545
0.2441,0.2069,-1.3693
0.2732,-0.5241,-1.0868
-1.1394,0.8134,-1.3604
-0.4812,-0.3163,1.2897
1.4378,-0.2445,1.2331
-1.1621,-0.0111,1.5036
-2.1167,-0.5423,1.2324
-1.8618,0.1212,0.7688
0.0291,0.6221,1.8899
0.0309,0.1577,1.8764
-0.1176,-0.5482,-1.6352
1.2142,-0.06,0.7296
-2.6728,0.4492,1.6495
0.3959,-0.609,-0.9299
1.5614,-0.4157,-1.4941
-1.1278,0.55,1.5046
-0.3798,0.1446,1.4419
-0.7529,0.2287,2.4211
-0.8943,1.5339,2.4622
-0.3263,0.264,-1.4153
1.4275,0.3895,-1.0002
1.8374,2.8782,1.0424
-0.3359,-0.1014,1.9903
1.9051,-0.329,1.9852
0.0356,0.2385,1.0022
1.7537,0.2454,-1.7458
-0.0933,-0.2315,1.4462
0.1311,-0.4032,-0.1163
0.3655,2.1738,-1.0827
3.1789,0.1775,-0.9753
0.8513,-0.3066,-1.078
-0.7073,0.5809,1.4161
0.969,-0.0531,-1.595
-0.3618,-0.1188,-2.5274
-0.4898,0.3246,1.8659
0.9086,-0.4758,1.1677
0.0311,0.1928,-1.9849
0.2786,1.6025,-1.5882
0.014,0.2625,-1.8459
0.3366,-0.1715,1.8931
0.425,-0.224,-1.1253
-1.937,-0.1855,-1.1742
0.6666,-0.1192,-1.1892
-0.982,-0.1721,2.1842
-1.4423,0.5812,-1.4012
-0.0584,-0.5796,1.0891
0.084,0.5388,-2.5932
-0.6935,-0.1729,1.4695
0.831,0.2074,-1.338
-1.3422,-0.4308,-0.8954
-0.4069,0.9432,-0.7143
-0.5849,0.8642,0.7657
-0.0466,0.6157,1.8164
0.2789,-0.5311,-1.6761
-1.0079,0.5137,-1.2598
0.7243,0.2244,0.957
0.063,-0.5519,0.8713
-1.8919,-0.0121,-0.9403
-1.9586,0.1999,-1.6939
-0.0123,0.3205,1.5323
-0.221,0.0927,1.7861
-0.1034,0.1568,0.5782
-0.028,1.0893,1.1612
0.2256,0.846,-1.5574
0.9476,-0.7615,-0.7035
-1.1111,-0.1468,-1.6773
-1.172,-0.079,-2.7196
-1.0933,-0.5836,-1.2478
0.2889,0.0482,-1.8495
1.2449,0.8671,-1.4787
-0.4313,-0.4192,1.6982
-2.5017,0.1832,-1.6369
-1.704,-0.3674,-1.1048
-0.833,-0.2853,1.8762
-0.5577,1.0932,2.0704
-0.4084,-0.2376,1.499
0.0386,0.26,1.6517
-0.3117,-0.6077,1.7558
1.0493,1.5374,-1.1657
-0.676,0.3517,-0.9385
-0.8623,-0.0872,1.3338
0.4789,0.3335,-2.4804
-1.5356,-0.5058,-1.147
0.3897,0.8063,-2.3299
0.1026,-0.1496,-1.3456
-0.1474,-0.097,-1.9437
1.5883,-0.2179,-2.0799
-0.6222,-0.252,1.9894
2.0603,0.4153,1.5393
-0.2254,0.1365,-1.8221
-1.277,0.3852,1.9043
0.0699,-0.0044,-1.723
-1.0762,0.2925,0.7967
-0.7518,-0.1889,2.0106
0.397,2.0492,-1.8488
0.5556,-0.5434,1.2956
-0.6222,0.8785,1.5206
0.9874,0.9817,2.0713
1.1575,-0.3469,1.51
1.4363,2.0485,0.9004
0.5294,0.645,-1.7679
1.3634,0.6251,1.2575
-1.8808,0.0141,2.444
-0.3179,-0.1029,1.4994
-0.867,-0.0994,-2.2207
0.1192,0.2156,1.6787
-0.5714,1.0149,-0.8216
-0.1662,0.0949,2.288
1.8822,-0.366,-1.816
-0.1697,0.5102,0.9901
0.4138,0.585,1.9561
-0.2323,0.3873,-2.4306
0.0757,0.4517,1.6121
0.006,-0.1267,-0.7251
0.4483,-0.3715,1.1778
1.1653,-0.3522,1.1619
1.6474,-0.5586,-0.9331
0.3096,0.1258,-0.4466
0.5895,-0.0409,-1.7884
-1.1509,-0.1975,-1.5084
-0.0879,-0.7719,1.3442
0.9403,-0.464,1.1269
0.866,0.7514,-0.9862
0.2116,-0.2827,2.0891
0.8864,0.1976,-1.4488
0.4908,-0.5011,1.1224
1.2003,1.0531,-1.979
0.2894,-0.0695,0.6165
-0.3557,0.1561,2.2108
0.3358,2.1992,-1.0022
-2.9306,1.1345,1.1246
0.3829,-0.1421,2.3213
-3.6484,-0.2567,-1.2144
-1.7235,-0.1502,-1.9858
0.4518,0.2904,1.3533
0.4775,-0.0513,-1.0903
-1.1624,-0.1793,-0.1982
-0.7121,1.0825,-1.6881
1.3705,-0.0555,1.7112
-0.484,2.1575,-1.1155
2.2429,0.0464,-1.0904
-0.0019,1.4416,0.9152
0.408,0.1956,1.8774
1.6169,0.6185,1.3527
0.131,-0.3039,-1.9138
-1.0023,-0.3475,0.4359
-0.1097,0.2584,0.9909
-0.0356,0.6393,-1.002
-1.3647,0.0203,1.5569
-0.2558,-0.4744,-2.4212
-0.7422,-0.4934,-2.4583
0.9244,-0.5101,-2.1297
0.0346,-0.5868,1.4863
-0.2828,0.0563,-1.5773
-0.1062,0.7551,-2.0944
0.2231,-0.0067,-1.8514
0.6168,-0.677,-1.887
-0.9997,-0.091,-1.7203
-1.0416,-0.0782,1.1592
1.1047,1.8519,-1.169
-0.4123,-0.5174,-1.4919
-1.4168,-0.1774,2.014
0.4438,1.3465,-1.7166
0.4634,0.2523,1.4846
-1.5307,0.3253,-1.2079
0.2295,0.059,-1.9538
0.7356,0.1794,-1.4818
0.3744,0.4752,-2.5158
0.632,-0.3329,-1.3941
-1.4043,0.5512,1.195
0.331,-0.4967,-1.64
-0.3026,0.1784,1.4551
-0.4828,0.0935,2.2726
0.8706,-0.2652,-1.3913
1.4793,-0.0113,1.6296
1.7944,-0.2675,-1.5501
1.3148,-0.4148,-1.5572
-0.1097,-0.1621,-1.4464
0.3527,-0.4242,2.293
0.7668,0.1752,1.611
0.1212,-0.4373,-1.5011
0.1308,0.4276,1.8204
0.8238,-0.4461,2.3137
-0.0593,-0.2466,-1.117
-0.7293,-0.2682,2.6951
-0.4145,0.9398,1.2573
0.6339,0.1796,1.1168
0.003,-0.1005,0.895
0.3402,0.2832,-2.5963
0.6701,-0.6513,-1.774
-0.3748,-0.0213,1.3329
0.7562,1.7149,-1.2235
0.3788,0.0684,-1.3755
-1.2348,0.0345,2.4831
1.4423,0.3153,-1.2578
-0.5007,0.5649,-0.8911
-1.6551,-0.6317,1.2687
-1.045,-0.5688,-0.7391
-1.021,0.1109,-1.3206
0.0522,-0.3005,1.3648
-0.2739,0.9271,-1.6536
-0.3368,-0.1458,-1.8007
0.6197,-0.6199,-0.6466
0.3399,-0.4695,1.2894
0.316,-0.7471,-1.0976
0.4098,-0.1105,1.9936
0.6161,-0.0899,-1.7933
-2.108,-0.1912,-1.4945
-0.3644,0.715,2.0286
-2.1802,0.8208,1.6893
0.0361,-0.0817,0.4776
-0.0046,-0.6561,-1.6076
1.0455,0.3616,2.2506
1.1876,0.3201,1.701
0.2028,0.1673,-2.4002
-0.5004,0.6335,-0.5535
0.4852,-0.4415,1.5066
-0.5279,1.7302,-1.535
-0.0014,-0.381,0.8209
0.9861,0.4544,1.0795
-0.5578,-0.5699,-1.771
0.8057,-0.3719,-0.9259
0.6774,1.1344,-1.2289
-0.9548,-0.1223,-1.3777
0.9739,0.5219,-1.4272
0.6986,0.1258,2.0458
0.1019,-0.0511,-0.9772
-0.7623,0.9777,1.5696
-0.8592,-0.1116,-2.311
-0.5377,-0.5895,-1.1928
0.5426,-0.3308,-1.1844
-0.9556,0.3173,2.1299
0.4375,0.2187,-1.2961
-1.2418,-0.5432,-1.6603
-0.2041,-0.3038,1.2539
0.1096,-0.2524,1.6004
2.4451,-0.167,-1.7436
-1.3773,-0.4974,1.7427
1.472,-0.2696,-0.4897
0.1498,-0.3053,-2.3675
0.4112,0.4707,-1.2501
0.1183,0.4986,-2.3396
0.4447,-0.0703,-1.5541
-0.1537,-0.178,1.0482
1.4541,0.0725,-2.5425
-0.4565,-0.3352,1.2744
1.1322,-0.4364,0.9308
-0.6444,-0.3751,1.2792
-0.0603,-0.272,1.2627
-1.072,-0.4411,1.1641
0.455,0.0844,1.3421
1.4451,0.4403,-1.3205
-0.0774,-0.5478,-1.477
-0.1969,0.0126,2.7359
-1.1146,-0.1041,1.5853
-0.2293,0.1862,-0.9332
-1.5928,-0.0064,1.5021
-0.9129,-0.5165,-1.3993
0.2268,-0.468,1.7176
1.319,0.0148,-2.4048
2.8092,0.6726,-1.2653
-0.5866,-0.6695,-0.3635
1.4353,0.1887,-1.18
0.2438,0.8127,-0.7633
-0.1512,-0.0737,-1.4085
0.4326,0.3167,-1.5366
0.0619,-0.2964,-1.3094
0.1104,-0.0579,-1.9079
-0.4083,-0.5553,-1.9819
-1.3981,-0.6903,-0.8668
-1.5436,0.6022,-0.8138
0.6532,-0.3889,-1.9956
-0.2767,-0.2037,-1.016
-0.5961,-0.5,-1.5435
0.0085,-0.5059,1.2388
0.7949,-0.0832,1.2646
0.1804,-0.3057,1.8697
-0.6561,0.208,0.9191
1.2263,0.2539,1.0473
1.5792,0.174,-1.3453
0.4946,0.1267,1.9847
0.9737,1.2009,2.1191
1.242,-0.4136,1.1675
1.1301,-0.0271,1.9687
0.6141,0.7618,-1.1435
0.5983,0.8819,2.4131
0.5197,-0.5088,0.9331
-1.0973,-0.1446,-0.8811
0.7007,0.972,1.1718
-1.3558,0.2892,-2.4569
-0.7946,0.1026,1.7957
1.3036,-0.1031,0.992
0.8402,-0.1746,-0.7943
1.4874,0.155,1.8906
-0.2717,-0.1186,-1.3976
-1.1522,-0.0211,1.4646
-0.2404,0.0401,1.5223
0.102,-0.2875,1.8792
0.079,0.3048,1.5659
1.1337,3.2936,-1.0864
-0.3613,-0.5887,-2.1654
0.352,0.1759,-2.334
-0.9886,-0.3162,-1.0881
0.4503,0.3347,-1.8015
0.0031,0.0236,-1.6961
-0.7498,0.4636,-2.4284
-0.2358,0.7999,-1.8395
