x,y,z
0.0,0.0,1.0
0.1695,0.1687,0.9857
0.339,0.3325,0.9431
0.5085,0.4868,0.8735
0.678,0.6272,0.7789
0.8475,0.7496,0.6619
1.0169,0.8505,0.526
1.1864,0.927,0.375
1.3559,0.977,0.2132
1.5254,0.999,0.0454
1.6949,0.9923,-0.1238
1.8644,0.9572,-0.2894
2.0339,0.8947,-0.4467
2.2034,0.8065,-0.5912
2.3729,0.6952,-0.7188
2.5424,0.564,-0.8258
2.7119,0.4166,-0.9091
2.8814,0.2573,-0.9663
3.0508,0.0906,-0.9959
3.2203,-0.0787,-0.9969
3.3898,-0.2457,-0.9693
3.5593,-0.4057,-0.914
3.7288,-0.554,-0.8325
3.8983,-0.6865,-0.7271
4.0678,-0.7993,-0.6009
4.2373,-0.8892,-0.4574
4.4068,-0.9537,-0.3009
4.5763,-0.9908,-0.1357
4.7458,-0.9994,0.0334
4.9153,-0.9795,0.2015
5.0847,-0.9315,0.3638
5.2542,-0.8568,0.5157
5.4237,-0.7575,0.6528
5.5932,-0.6365,0.7713
5.7627,-0.4973,0.8676
5.9322,-0.3438,0.939
6.1017,-0.1805,0.9836
6.2712,-0.012,0.9999
6.4407,0.1568,0.9876
6.6102,0.3212,0.947
6.7797,0.4763,0.8793
6.9492,0.6178,0.7863
7.1186,0.7416,0.6708
7.2881,0.8441,0.5361
7.4576,0.9225,0.3861
7.6271,0.9744,0.2249
7.7966,0.9984,0.0573
7.9661,0.9937,-0.1119
8.1356,0.9606,-0.2779
8.3051,0.9,-0.436
8.4746,0.8135,-0.5815
8.6441,0.7038,-0.7104
8.8136,0.5739,-0.8189
8.9831,0.4275,-0.904
9.1525,0.2689,-0.9632
9.322,0.1026,-0.9947
9.4915,-0.0667,-0.9978
9.661,-0.234,-0.9722
9.8305,-0.3947,-0.9188
10.0,-0.544,-0.8391
